id_role|username|email|password
5|coolhawk1547|coolhawk1547@gmail.com|$2y$10$YxggsBc72vqA/k8VUjYuLeD0TFDrdjZj/Qq/9OMGA76vQNAO1b5I6
5|fastdragon1369|fastdragon1369@mail.com|$2y$10$bPTh90kwS2eWOcQB57Pc0eE/69fgPvVDCzq2Jg0FESeQVgc2u6kje
5|mightyhawk7676|mightyhawk7676@test.org|$2y$10$KUUGuZfvtXaYyB4uhVbdHuD8mOLHGKiNVxFwaF3EAlIrr2LdgWyYi
5|fastfox2951|fastfox2951@example.net|$2y$10$KgxITyN2BIYX5RnKU5SRQeKjH2SqIqSpnNVfr6lSpFNhzyqkd/Ku.
12|mightyotter915|mightyotter915@mail.com|$2y$10$XQ0tDB/FDurGUnvdwojBpedNdeldzSugwhsMzWRTPql4gjd5OEehy
13|darkotter4980|darkotter4980@example.net|$2y$10$EvrnCW25iU7jvQ.63yBABe6HZMZOMaKCdTFYcvLOYYRGhT/yETPtW
13|mightywolf3502|mightywolf3502@example.net|$2y$10$RlsOtTI13O6m9xTENLBCcuRVakVD5DckGzjwW2Lj4iwomh11jpU1y
5|darkwolf118|darkwolf118@mail.com|$2y$10$NZBqwoOQDXOmA7zrdFc6Lu/UroDZFNosp3Lw0QYgzaAwoRf3C26xC
13|darkotter1385|darkotter1385@mail.com|$2y$10$I0aZSg76ikfgibaoYfKVMuZgQllmY13AbiVNxotfsp.Es..zdZfUK
10|darkpanda3115|darkpanda3115@mail.com|$2y$10$E3PTNSUd6bhglsLTVVGkieKoPwp8FtoSBeNlI9W9AEDK8xt8SUSbS
